"Device";"#ospf";"#bgp";"#mac";"#arp"
"rlyo-coreg";"1";;"78";"36"
"rlyo-cored";"1";;"80";"46"
"smdn1-rc-2-3";;;"158";"6"
"salpes-bur-4-ed3-sav-1";;;"28";"4"
"smdn1-rc-2-1";;;"158";"6"
"smdn1-rc-2-2";;;"158";"6"
"rcbv-twin-1";;"1";"53";"12"
"scbv-interco";;;"52";"5"
"fdat-adm-d";;;"8";"9"
"slyo-spoke-be-2";;;"174";"6"
"slyo-spoke-be-1";;;"174";"6"
"s9tv-be-d2";;;"52";"3"
"s9tv-be-d1";;;"52";"3"
"rcbv-pandore";;;"1";"4"
"smar-cr223-4-2";;;"162";"3"
"smar-cr223-4-3";;;"162";"3"
"fdat-adm-g";;;"8";"9"
"smar-cr223-4-1";;;"162";"3"
"sorl-dsp";;;"25";"2"
"flyo-fed-be-pre";;;"14";"3"
"slyo-f1";;;"27";"2"
"c29-bordeaux";;;"27";"2"
"slyo-i4-save-1";;;"21";"3"
"sdmn2-dmz-3b";;;"53";"3"
"smdn2-4a-e4-1";;;"210";"4"
"smdn2-4a-e4-2";;;"210";"4"
"smdn2-4a-e4-3";;;"210";"4"
"smdn2-4a-e4-4";;;"210";"4"
"sncy-bur";;;"27";"4"
"llbm-prod-v72-2";;;"17";"6"
"llbm-prod-v72-1";;;"19";"4"
"smdn2-1a-e1-3";;;"210";"4"
"smdn2-1a-e1-4";;;"210";"4"
"slyo-prep-ag2-mg-be-1";;;"20";"2"
"marse1-cr-interco2";;;"52";"3"
"slyo-arthius-nfs-be-1";;;"22";"2"
"slyo-arthius-nfs-be-2";;;"22";"2"
"sabv-spoke-be-2";;;"110";"21"
"svnx-spoke-n5-me-1";;;"21";"6"
"sabv-spoke-be-3";;;"109";"4"
"sabv-spoke-be-4";;;"109";"4"
"svnx-spoke-n5-me-2";;;"21";"5"
"scbv-hg0-1";;;"52";"8"
"sabv-spoke-be-1";;;"110";"21"
"slyo-arthius-me-1";;;"22";"2"
"slyo-spoke-mg-1";;;"173";"7"
"slyo-arthius-me-2";;;"22";"2"
"slyo-spoke-mg-2";;;"173";"7"
"smdn2-1a-e1-2";;;"210";"4"
"smdn2-1a-e1-1";;;"210";"4"
"sren-pfd2-i1";;;"54";"4"
"scbv-spoke-t16-mg-2";;;"21";"2"
"scbv-spoke-t16-mg-1";;;"21";"2"
"sqw-srv1";;;"52";"4"
"smdn1-01-1-1";;;"158";"7"
"smdn1-01-1-2";;;"158";"7"
"smdn1-01-1-3";;;"158";"7"
"ralpes-prod-ag1";"1";;"91";"509"
"scbv-savcd0-1vmw";;;"54";"6"
"fvnx-spoke-mg";;;"4";"242"
"scol-bur";;;"25";"2"
"slyo-spoke-k5-mg";;;"22";"2"
"rbron-coreg";"1";;"22";"373"
"sstr-bur1";;;"28";"2"
"rbron-cored";"1";;"24";"411"
"scbv-sup-bg0";;;"54";"6"
"fbron-supnagra";;;"8";"12"
"sabv-spoke-nb5-sw3-mg-1";;;"22";"2"
"fwqw-wifi";;;"10";"11"
"asa-root-2";;;"5";"8"
"asa-root-1";;;"5";"8"
"ralpes-prod-ad1";"1";;"91";"583"
"scbv-sup-bd0";;;"54";"6"
"flbm-ctxt-core";;;"12";"1"
"rren-spoke-1";;;"5";"31"
"rren-spoke-2";;;"5";"31"
"slyo-prep-be-1";;;"22";"2"
"slyo-prep-be-2";;;"22";"2"
"slbm-adm-z80-1";;;"54";"21"
"rob14-save-coread";"1";;"76";"552"
"sbou2-pfd2-i1";;;"54";"5"
"rob14-save-coreag";"1";;"76";"552"
"salpes-bur-1-ed2-sav-1";;;"28";"4"
"svnx-spoke-q5-mg-1";;;"21";"4"
"l1ly-ose-nmx";;;"52";"6"
"slyo-prep-fe-1";;;"22";"2"
"slyo-prep-fe-2";;;"22";"2"
"slyo-fed-me-3-2";;;"115";"3"
"slyo-fed-me-3-1";;;"115";"3"
"a8rxcha001lc2602";;"1";"3";"10"
"sver-bur";;;"27";"4"
"a8rxcha001lc2601";;"1";"3";"12"
"rstr-bur";;;"2";"26"
"fw-pfs-internet04";;;"10";"7"
"rlyo-savg-2";"1";;"74";"20"
"fw-pfs-internet03";;;"10";"15"
"rlyo-savg-1";"1";;"74";"20"
"salpes-bur-ed";;;"57";"7"
"salpes-bur-eg";;;"57";"6"
"smdn2-1b-e1-2";;;"210";"4"
"smdn2-1b-e1-3";;;"210";"4"
"smdn2-1b-e1-1";;;"210";"4"
"scbv-dmz-robot-vl524";;;"53";"3"
"smdn2-1b-e1-4";;;"210";"4"
"svnx-spoke-p5-mg-1";;;"21";"3"
"svnx-spoke-p5-mg-2";;;"21";"2"
"smdn2-4b-e5-3";;;"210";"6"
"smdn2-4b-e5-4";;;"210";"6"
"smdn2-4b-e5-1";;;"210";"6"
"smdn2-4b-e5-2";;;"210";"6"
"fcbv-spoke-mg";;;"5";"165"
"slyo-i4-me-1";;;"21";"3"
"sabv-spoke-e7-mg-1";;;"22";"2"
"sabv-spoke-e7-mg-2";;;"21";"4"
"slyo-fed-be-3-1";;;"111";"3"
"slyo-fed-be-3-2";;;"111";"3"
"r33vil-bur-ltp1-2";;;"164";"533"
"r33vil-bur-ltp1-3";;;"164";"533"
"rver-bur";;;"2";"5"
"r33vil-bur-ltp1-1";;;"164";"533"
"sbron-tdi-3";;;"262";"8"
"sqw-wi-fed";;;"18";"85"
"fabv-spoke-2";;;;
"fabv-spoke-1";;;"1";"4"
"sbron-tdi-2";;;"262";"8"
"sbron-tdi-1";;;"262";"8"
"ch2-00s-5cc";;;"37";"204"
"sorl-bur";;;"25";"2"
"llyo-fed-prep-fe-me";;;;
"scbv-spoke-t16-me-1";;;"21";"2"
"scbv-spoke-t16-me-2";;;"21";"2"
"rmdn2-2b-1";"1";;"129";"3714"
"slyo-arthius-mg-be-2";;;"22";"2"
"rmdn2-2b-2";"1";;"132";"3715"
"slyo-arthius-mg-be-1";;;"22";"2"
"scbv-ana-nim-d";;;"54";"4"
"rboul-spoke-1";;;"5";"34"
"rboul-spoke-2";;;"5";"17"
"ch2-00s-7cc";;;"31";"33"
"satos-abv";;;"27";"2"
"scbv-spoke-t18-me-1";;;"21";"3"
"scbv-spoke-t18-mg-1";;;"21";"4"
"spub-fe-e1";;;"28";"3"
"salpes-prod-b-6";;;"315";"8"
"salpes-prod-b-5";;;"315";"8"
"salpes-prod-b-4";;;"315";"8"
"spub-fe-e2";;;"28";"3"
"slyo-fed-be-5";;;"107";"3"
"slyo-fed-be-6";;;"107";"3"
"flyo-fed-mg";;;"19";"274"
"smdn2-1b-rc-3";;;"158";"4"
"smdn2-1b-rc-2";;;"158";"4"
"smdn2-1b-rc-1";;;"158";"4"
"rcorbas-fed-2";;;"30";"13"
"rcorbas-fed-1";;;"30";"17"
"sdmz-be-e2";;;"52";"2"
"flyo-spoke-mg";;;"4";"154"
"scbv-sec-hg1";;;"54";"9"
"slyo-prep-ag2-be-1";;;"21";"2"
"slyo-fed-be-nfs-3-2";;;"111";"3"
"sdmz-be-e1";;;"52";"2"
"slyo-fed-be-nfs-3-1";;;"111";"3"
"slyo-fed-be-1";;;"111";"2"
"slyo-fed-be-2";;;"111";"2"
"vcbv-const-2";;;;
"vcbv-const-1";;;;
"scbv-sec-hd1";;;"54";"9"
"l1ly-ose-nmx-2";;;"28";"16"
"slyo-prodf12";;;"54";"7"
"udbron-02";;;"13";"4"
"scbv-savgd0-1";;;"52";"7"
"slyo-prodf14";;;"54";"6"
"rcbv-province";;;"3";"2"
"slyo-prep-e2-me";;;"22";"2"
"scbv-pfd2-i1";;;"54";"7"
"salpes-prod-b-1";;;"315";"8"
"salpes-prod-b-2";;;"315";"8"
"salpes-prod-b-3";;;"315";"8"
"spar-pfd1-i1";;;"54";"4"
"fsbg-spoke-2";;;;
"slyo-spoke-k5-mg-2";;;"21";"3"
"fsbg-spoke-1";;;"1";"4"
"slyo-spoke-k5-mg-1";;;"22";"2"
"scda-800-02";;;"28";"5"
"scbv-ij-2";;;"52";"6"
"scda-800-01";;;"28";"10"
"scbv-ij-1";;;"52";"6"
"slyo-prep-ag1-fe-1";;;"21";"2"
"szac-spoke-1m-mg";;;"21";"2"
"szac-spoke-1m-me";;;"22";"2"
"sdmz-be-c1";;;"28";"3"
"scbv-spoke-be-2";;;"173";"3"
"sboul-spoke-be-2";;;"106";"4"
"sboul-spoke-be-1";;;"106";"4"
"svlz-bur-1";;;"14";"9"
"scbv-ij-3";;;"52";"6"
"scbv-spoke-be-1";;;"173";"3"
"scbv-ij-4";;;"52";"6"
"salpes-sav-b-1";;;"107";"7"
"slyo-spoke-k5-me-1";;;"22";"2"
"salpes-sav-b-2";;;"107";"7"
"slyo-spoke-k5-me-2";;;"21";"3"
"fren-spoke-mg";;;"3";"52"
"slyo-9vod-save-be-1";;;"24";"2"
"scbv-gigg";;;"30";"7"
"scbv-gigd";;;"30";"8"
"fvnx-spoke-be";;;"4";"95"
"sqo-7-1";;;"262";"7"
"fpar-spoke-mg";;;"3";"46"
"slyo-fed-prep-fe-me";;;"72";"3"
"rlyo-vtechd";"1";;"86";"284"
"smdn1-02-2-2";;;"158";"5"
"smdn1-02-2-3";;;"158";"5"
"rlyo-vtechg";"1";;"86";"204"
"rcbv-inethd1";;;"55";"11"
"marse1-cr-sr3";"1";;"158";"19"
"marse1-cr-sr1";"2";;"53";"1144"
"smdn1-02-2-1";;;"158";"5"
"marse1-cr-sr2";"2";;"54";"1403"
"lcbv-prodag";;;"17";"21"
"slyo-i1-me-1";;;"22";"2"
"lcbv-prodad";;;"17";"29"
"slyo-i4-fe-1";;;"21";"3"
"slyo-prep-me-2";;;"22";"3"
"slyo-prep-me-1";;;"22";"3"
"lyn-57";;;"54";"4"
"lyn-56";;;"54";"3"
"svnx-pfd1-i";;;"54";"3"
"lyn-55";;;"54";"4"
"rob9-sav-cored";;;"97";"78"
"squi-bur1";;;"25";"2"
"slyo-prep-nfs-be-2";;;"22";"2"
"slyo-prep-nfs-be-1";;;"22";"2"
"sqo-7-4";;;"262";"7"
"sqo-7-2";;;"262";"7"
"sqo-7-3";;;"262";"7"
"smdn2-4b-e3-3";;;"210";"8"
"smdn2-4b-e3-4";;;"210";"8"
"fwbron-suprossisfr";;;"5";"14"
"sren-bur";;;"25";"2"
"rob9-sav-coreg";;;"97";"35"
"smdn2-4b-e3-1";;;"210";"8"
"smdn2-4b-e3-2";;;"210";"8"
"smdn2-1a-rc-1";;;"158";"4"
"rcbv-trading-europ";;;"2";"4"
"smdn2-1a-rc-3";;;"158";"4"
"smdn2-1a-rc-2";;;"158";"4"
"fwcbv-cpit2";;;"16";"25"
"sren-pfd1-i1";;;"55";"4"
"fwcbv-cpit1";;;"16";"34"
"slyo-9vod-be-1";;;"22";"2"
"ffed-mg-g";;;"63";"95"
"slyo-i1-nfs-fe-1";;;"22";"2"
"s1c01-save-core-d";;;"54";"4"
"fwcbv-vl2";;;"6";"11"
"fwcbv-vl1";;;"6";"16"
"sdmz-mg-c2";;;"28";"3"
"sdmz-mg-c1";;;"28";"2"
"flbm-ctxt-system";;;;
"scbv-savhg0-1";;;"52";"5"
"slyo-spoke-k1-mg-2";;;"27";"3"
"slyo-9vod-mg-fe-1";;;"22";"2"
"slyo-spoke-k1-mg-1";;;"27";"3"
"scbv-hd0-1";;;"52";"9"
"smar-cr221-3-2";;;"213";"3"
"smar-cr221-3-1";;;"213";"3"
"smar-cr221-3-4";;;"213";"3"
"smar-cr221-3-3";;;"213";"3"
"ffed-fe-g";;;"11";"41"
"smar-cr221-3-5";;;"213";"3"
"svnx-spoke-p5-be-1";;;"21";"2"
"svnx-spoke-p5-be-2";;;"21";"2"
"rcbv-inethg1";;;"55";"9"
"ffed-mg-d";;;"63";"711"
"sami-bur";;;"13";"2"
"sboul-spoke-mg-1";;;"106";"8"
"fwcbv-asait2";;;"9";"31"
"sboul-spoke-mg-2";;;"106";"8"
"fwcbv-asait1";;;"9";"30"
"l9tv-fe-d1";;;"6";"38"
"scgtl-mg-d";;;"28";"2"
"sbron-ncc-1";;;"262";"8"
"l9tv-fe-d2";;;"6";"51"
"sbron-ncc-2";;;"262";"8"
"sbron-ncc-3";;;"262";"8"
"smar2-bur";;;"25";"2"
"sbron-ncc-4";;;"262";"8"
"sbron-ncc-5";;;"262";"8"
"flyo-save-pfs-d";;;"14";"3"
"flyo-save-pfs-g";;;"14";"3"
"scgtl-mg-g";;;"28";"2"
"sdmz-mg-e1";;;"53";"2"
"sdmz-mg-e2";;;"53";"2"
"scbv-lt2-1";;;"53";"4"
"sdmz-mg-e3";;;"52";"3"
"sdmz-mg-e4";;;"53";"6"
"fw-aol1";;;"8";"13"
"a8rxlyo002lc7301";;"1";"4";"10"
"rfed-fe-g";;"1";"26";"15"
"scbv-savad1-1";;;"52";"5"
"rfed-fe-d";;"1";"27";"19"
"scbv-bg0-2";;;"52";"8"
"scbv-bg0-1";;;"52";"8"
"flyo-prodg";;;"2";"82"
"flyo-prodd";;;"2";"82"
"scbv-gd0-1";;;"52";"6"
"slyo-prep-e3-be";;;"22";"2"
"sren-spoke-be";;;"106";"6"
"s1c01-save-core-g";;;"54";"4"
"spsi-bk-j1";;;"52";"5"
"slyo-h2-be-1";;;"21";"2"
"spsi-bk-j2";;;"52";"2"
"fw-aol2";;;"8";"10"
"sabv-spoke-god-be";;;"27";"3"
"rqw-cored";"1";;"157";"2566"
"rqw-coreg";"1";;"157";"2562"
"lyn-68";;;"52";"4"
"salpes-bur-adm-e-2";;;"107";"5"
"lyn-69";;;"26";"3"
"lyn-62";;;"54";"4"
"lyn-63";;;"26";"3"
"salpes-bur-adm-e-1";;;"107";"5"
"lyn-65";;;"52";"3"
"salpes-bur-3-ed2-sav-1";;;"29";"8"
"lyn-60";;;"54";"3"
"lyn-61";;;"54";"5"
"c29-ldcom-massy";;;"9";"9"
"scbv-savcd0-1";;;"52";"6"
"svnx-spoke-o5-mg-2";;;"21";"2"
"svnx-spoke-o5-mg-1";;;"21";"2"
"slyo-h1-fe-1";;;"21";"2"
"spar-spoke-be";;;"108";"5"
"sqw-wi-rdj";;;"28";"4"
"s33vil-bur-ltp2-2";;;"107";"4"
"s33vil-bur-ltp2-1";;;"107";"4"
"fzac-asabib";;;"9";"16"
"lyn-70";;;"52";"4"
"rpar-spoke-1";;;"5";"33"
"rpar-spoke-2";;;"5";"32"
"flyo-psie-int";;;"5";"206"
"f9tv-be-d1-2";;;"7";"7"
"f9tv-be-d1-1";;;"7";"11"
"slyo-fed-prep-be-mg-5";;;"59";"2"
"salpes-bur-2-ed3-sav-1";;;"28";"4"
"rcbv-aol-vpn-1";;"1";"2";"6"
"rbdx-spoke-2";;;"5";"29"
"sman-dsp";;;"13";"2"
"a8rxlyo001lc7301";;"1";"4";"11"
"ralpes-bur-ad3";"1";;"96";"199"
"rbdx-spoke-1";;;"5";"30"
"slyo-h2-nfs-be-1";;;"21";"2"
"fcbv-sav-ccord-g";;;"16";"11"
"slbm-adm-z85-1";;;"54";"49"
"slyo-arthius-fe-1";;;"22";"2"
"slyo-arthius-fe-2";;;"22";"2"
"fcbv-sav-ccord-d";;;"16";"11"
"slbm-prod-y80-1";;;"54";"11"
"sqo-5-1";;;"314";"8"
"schd-spoke-tyson3-me";;;"21";"3"
"schd-spoke-tyson3-mg";;;"21";"2"
"svnx-spoke-q5-be-1";;;"21";"5"
"slyo-fed-mg-rx-3-2";;;"108";"4"
"slyo-fed-mg-rx-3-1";;;"108";"4"
"fw-ac1";;;"8";"8"
"marse1-cr-sw26-2";;;"54";"4"
"marse1-cr-sw26-1";;;"54";"4"
"s33vil-bur-lts2-1";;;"159";"4"
"s33vil-bur-lts2-2";;;"159";"4"
"fw-ac2";;;"8";"4"
"salpes-bur-3-ed2-1";;;"28";"4"
"salpes-bur-3-ed2-2";;;"28";"4"
"slbm-sav-y80-1";;;"54";"15"
"rbdx-lac-g-1";"1";;"169";"387"
"rbdx-lac-g-3";"1";;"169";"387"
"rbdx-lac-g-2";"1";;"169";"387"
"slyo-fed-fe-3-2";;;"114";"3"
"slyo-spoke-k1-me-1";;;"27";"3"
"slyo-spoke-k1-me-2";;;"27";"3"
"sbdx-lac-g";;;"52";"7"
"slyo-prep-nfs-fe-1";;;"22";"2"
"sabv-spoke-god-mg";;;"26";"3"
"slyo-i4-be-1";;;"21";"3"
"sbdx-lac-d";;;"52";"8"
"s33vil-serv-ltp1";;;"28";"2"
"scbv-savbd0-1";;;"52";"6"
"slyo-prep-nfs-fe-2";;;"22";"2"
"slyo-fed-fe-3-1";;;"114";"3"
"salpes-sav-f-2";;;"107";"7"
"salpes-sav-f-1";;;"107";"7"
"slyo-i4-mg-be-1";;;"21";"3"
"lyn-07";;;"26";"3"
"salpes-bur-2-ed3-2";;;"28";"4"
"lyn-06";;;"26";"4"
"salpes-bur-2-ed3-1";;;"28";"4"
"lyn-05";;;"26";"2"
"scbv-savgg0-1";;;"52";"5"
"lyn-09";;;"26";"4"
"slyo-spoke-l3-me-1";;;"22";"2"
"lyn-08";;;"26";"3"
"slyo-spoke-l3-mg-1";;;"22";"2"
"ssbg-pfd2-i1";;;"54";"4"
"svnx-spoke-nb5-sw3-mg";;;"22";"2"
"lyn-02";;;"52";"5"
"salpes-sav-h-1";;;"107";"7"
"salpes-sav-h-2";;;"107";"7"
"svnx-spoke-nb5-sw1-me";;;"22";"3"
"rcbv-core";"1";;"114";"148"
"lyn-16";;;"26";"3"
"slyo-i1-mg-fe-1";;;"22";"2"
"smar-cr113-2-2";;;"213";"3"
"lyn-15";;;"26";"4"
"smar-cr113-2-3";;;"213";"3"
"slyo-prep-ag1-mg-fe-1";;;"21";"2"
"smar-cr113-2-4";;;"213";"3"
"fpar-spoke-be";;;"3";"15"
"smar-cr113-2-1";;;"213";"3"
"slyo-fed-be-nfs-1";;;"121";"2"
"slyo-c4-prep-fe-1";;;"22";"2"
"lyn-10";;;"26";"4"
"lyn-11";;;"26";"5"
"lyn-12";;;"26";"4"
"slyo-fed-be-nfs-2";;;"121";"2"
"lyn-13";;;"26";"4"
"slyo-fed-be-nfs-5";;;"108";"3"
"lyn-14";;;"26";"3"
"ralpes-bur-ag3";"1";;"96";"200"
"smon-bur1";;;"27";"3"
"scda-dsi-04";;;"28";"7"
"smar-cr222-0-1";;;"109";"3"
"scda-dsi-03";;;"28";"8"
"smar-cr222-0-2";;;"109";"3"
"smar-cr222-0-3";;;"109";"3"
"smar-cr222-0-4";;;"109";"3"
"sren-spoke-mg";;;"106";"8"
"slyo-fed-be-nfs-6";;;"108";"3"
"rcbv-nagra-mg-d";;;"56";"42"
"rcbv-nagra-mg-g";;;"56";"19"
"slyo-fed-save-6";;;"108";"3"
"slyo-fed-save-5";;;"108";"3"
"marse1-cr-sw9";;;"28";"2"
"slyo-prep-e2-mg-fe";;;"22";"2"
"a8rxcha001mc2602";;"1";"3";"9"
"a8rxcha001mc2601";;"1";"3";"10"
"svnx-pfd2-i1";;;"54";"4"
"slyo-arthius-nfs-fe-1";;;"22";"2"
"slyo-arthius-nfs-fe-2";;;"22";"2"
"rlbm-sav-v72-1";;;"76";"66"
"rlbm-core-v72-1";;;"103";"134"
"slyo-i4-nfs-fe-1";;;"21";"3"
"slyo-h1-me-1";;;"21";"2"
"smdn1-rc-1-2";;;"210";"7"
"smdn1-rc-1-3";;;"210";"7"
"smdn1-rc-1-1";;;"210";"7"
"smdn1-rc-1-4";;;"210";"7"
"scbv-cd0-1vmw";;;"54";"5"
"slyo-fed-me-5";;;"110";"3"
"slyo-fed-me-6";;;"110";"3"
"slyo-fed-me-1";;;"113";"2"
"slyo-fed-me-2";;;"113";"2"
"slyo-9vod-me-1";;;"22";"2"
"fboul-spoke-2";;;;
"fboul-spoke-1";;;"1";"5"
"slyo-i4-mg-fe-1";;;"21";"3"
"slyo-fed-fe-1";;;"114";"2"
"slyo-fed-mg-1";;;"118";"3"
"slyo-fed-fe-2";;;"114";"2"
"slyo-fed-mg-2";;;"118";"3"
"slyo-fed-fe-5";;;"107";"3"
"slyo-fed-fe-6";;;"107";"3"
"spar-pfd2-i1";;;"54";"4"
"slyo-9vod-fe-1";;;"22";"2"
"slyo-fed-mg-5";;;"107";"3"
"slyo-fed-mg-6";;;"107";"3"
"scbv-nagra-pub-d";;;"54";"6"
"pf-siris-1";;;"52";"2"
"scbv-nagra-pub-g";;;"54";"7"
"sqw-wi6";;;"28";"5"
"sw-c0020";;;"28";"3"
"pf-siris-2";;;"52";"2"
"sqw-wi7";;;"28";"4"
"sw-c0021";;;"28";"3"
"sqw-wi8";;;"28";"6"
"smdn2-1a-e2-2";;;"210";"4"
"smdn2-1a-e2-3";;;"210";"4"
"fmar-vpn-gp-1";"1";;"5";"38"
"slyo-prep-e3-save";;;"22";"2"
"smdn2-1a-e2-4";;;"210";"4"
"llyo-fed-be-1";;;"22";"54"
"llyo-fed-be-2";;;"22";"30"
"fmar-vpn-gp-2";"1";;"5";"36"
"slyo-fed-prep-be-mg";;;"122";"3"
"slyo-prodg12-1";;;"54";"5"
"smdn2-1a-e2-1";;;"210";"4"
"sqw-wi3";;;"28";"5"
"fwcbv-concord-g";;;"8";"31"
"sqw-wi2";;;"28";"5"
"fwcbv-concord-d";;;"8";"31"
"salpes-interco";;;"54";"9"
"sqw-wi5";;;"28";"5"
"sqw-wi4";;;"28";"5"
"slyo-prodg12-2";;;"54";"5"
"svlz-bur";;;"29";"7"
"sqw-wi1";;;"28";"4"
"smdn1-01-2-3";;;"158";"7"
"ffed-bk-d";;;"14";"6"
"smdn1-01-2-1";;;"158";"7"
"smdn1-01-2-2";;;"158";"7"
"scbv-pfd1-i1";;;"54";"4"
"llyo-fed-fe-1";;;"33";"1"
"llyo-fed-fe-2";;;"33";"1"
"salpes-bur-sav-e-1";;;"112";"7"
"salpes-bur-sav-e-2";;;"112";"7"
"rlyo-fed-sav-1";;;"118";"4"
"scbv-op-1";;;"52";"6"
"scbv-op-2";;;"52";"6"
"sfed-sup-d";;;"28";"2"
"ffed-bk-g";;;"14";"6"
"rlyo-fed-sav-2";;;"118";"4"
"cvpn-vnx-01";;;;
"scbv-savcd0-2vmw";;;"54";"6"
"s33vil-bur-lts1-1";;;"107";"4"
"smdn2-3b-1";;;"106";"6"
"smdn2-3b-2";;;"106";"6"
"ralpes-core";"1";;"118";"157"
"slbm-prod-z85-1";;;"54";"26"
"scbv-savhd0-1";;;"52";"5"
"scbv-cg0-1";;;"52";"6"
"sabv-spoke-h3-mg-1";;;"21";"4"
"sbea-dsp";;;"13";"2"
"flyo-sav-g";;;"8";"6"
"smdn2-4a-e5-1";;;"210";"4"
"flyo-spoke-2";;;;
"smdn2-4a-e5-2";;;"210";"4"
"smdn2-4a-e5-3";;;"210";"4"
"smdn2-4a-e5-4";;;"210";"4"
"flyo-fed-preprod";;;"8";"204"
"flyo-fed-fe1";;;"10";"35"
"flyo-fed-fe2";;;"10";"35"
"ralpes-sav-3";"1";;"138";"341"
"marse1-cr-sw25-1";;;"54";"4"
"s33vil-bur-lts1-2";;;"107";"4"
"ralpes-sav-4";"1";;"138";"341"
"marse1-cr-sw25-2";;;"54";"4"
"slyo-fed-prep-fe-me-5";;;"57";"2"
"rabv-spoke-1";;;"5";"74"
"ralpes-sav-1";"1";;"138";"341"
"rabv-spoke-2";;;"5";"71"
"ralpes-sav-2";"1";;"138";"341"
"fabv-spoke-mg";;;"6";"156"
"flyo-sav-d";;;"8";"6"
"smar1-bur";;;"26";"2"
"fcbv-spoke-1";;;"1";"10"
"fcbv-spoke-2";;;;
"sfed-sup-mg";;;"28";"2"
"a8rxcaa004lc7301";;"1";"4";"6"
"flyo-spoke-1";;;"1";"5"
"rvnx-spoke-2";;"1";"7";"74"
"slyo-prep-mg-fe-1";;;"22";"2"
"rvnx-spoke-1";;"1";"7";"85"
"sbron-inf-1";;;"106";"7"
"slyo-prep-mg-fe-2";;;"22";"2"
"slyo-c4-prep-nfs-fe-1";;;"22";"2"
"smar-cr111-1-3";;;"213";"3"
"smar-cr111-1-4";;;"213";"3"
"smar-cr111-1-1";;;"213";"3"
"smar-cr111-1-2";;;"213";"3"
"fboul-spoke-be";;;"3";"13"
"spar-spoke-mg";;;"108";"9"
"nr0c0021";"1";;"30";"45"
"slyo-9vod-mg-be-1";;;"22";"2"
"salpes-prod-bg4-1";;;"28";"21"
"nr0c0020";"1";;"29";"43"
"admin-siris";;;"52";"2"
"rlyo-spoke-1";;;"5";"143"
"rlyo-fed-sav-3-2";;;"110";"4"
"rlyo-spoke-2";;;"5";"144"
"rlyo-fed-sav-3-1";;;"110";"4"
"scbv-savfg0-1";;;"52";"5"
"rcbv-vtechd0";;;"107";"840"
"sqo-8-5";;;"262";"8"
"salpes-prod-gd";;;"55";"5"
"sqo-8-2";;;"262";"8"
"sqo-8-1";;;"262";"8"
"sqo-8-4";;;"262";"8"
"sqw-wi-srv";;;"28";"5"
"ssbg-pfd1-i1";;;"54";"3"
"sqo-8-3";;;"262";"8"
"salpes-prod-gg";;;"55";"5"
"slbm-prod-z80-1";;;"54";"19"
"rlyo-fed-hub-2";;;"8";"12"
"rlyo-fed-hub-1";;;"8";"12"
"rlyo-fed-be-1";;;"62";"48"
"rlyo-fed-be-2";;;"63";"31"
"salpes-prod-hd";;;"54";"5"
"rcbv-constructeur";;;"1";"4"
"salpes-prod-hg";;;"54";"5"
"slyo-prep-ag2-nfs-be-1";;;"21";"2"
"slbm-sav-y85-1";;;"55";"32"
"sqo-0-1";;;"262";"5"
"sqo-0-2";;;"262";"5"
"sqo-0-3";;;"262";"5"
"sqo-0-4";;;"262";"5"
"sqo-0-5";;;"262";"5"
"fsbg-spoke-mg";;;"3";"51"
"slyo-prep-ag1-nfs-1";;;"21";"2"
"sabv-spoke-god-rsa";;;"26";"3"
"rbdx-lac-d-3";"1";;"171";"388"
"rbdx-lac-d-2";"1";;"171";"388"
"rbdx-lac-d-1";"1";;"171";"388"
"noc-console2";;;;
"noc-console3";;;;
"noc-console1";;;;
"scbv-sav-omc-2";;;"106";"11"
"fwqo-pixlab";;;"6";"16"
"noc-console6";;;;
"noc-console7";;;;
"noc-console4";;;;
"noc-console5";;;;
"slyo-admin-me-1";;;"22";"2"
"smg-emc";;;"14";"2"
"noc-console8";;;;
"scbv-sav-omc-1";;;"106";"11"
"noc-console9";;;;
"ch2-00s-6cc";;;"36";"145"
"rlyo-savd-1";"1";;"76";"132"
"scbv-bd0-1";;;"52";"8"
"rlyo-savd-2";"1";;"76";"132"
"scbv-bd0-2";;;"52";"8"
"lbalpes-prodad";;;"20";"92"
"lbalpes-prodag";;;"20";"68"
"salpes-prod-f-2";;;"106";"6"
"sabv-spoke-nb5-sw1-me-1";;;"22";"2"
"salpes-prod-f-1";;;"106";"6"
"noc-console15";;;;
"noc-console11";;;;
"noc-console12";;;;
"sabv-spoke-h3-me-1";;;"22";"2"
"noc-console13";;;;
"noc-console14";;;;
"flyo-fed-mg-1";;;"1";"3"
"slyo-h1-nfs-1";;;"21";"2"
"noc-console10";;;;
"fwcbv-pixfil1-1";;;"9";"14"
"sqw-wi-wlc";;;"16";"5"
"fwcbv-pixfil1-2";;;"9";"10"
"flyo-fed-mg-2";;;;
"slyo-spoke-k3-me-1";;;"27";"3"
"rcbv-cetelem";;;"1";"8"
"slyo-spoke-k3-me-2";;;"27";"3"
"smdn2-1b-e2-2";;;"210";"4"
"smdn2-4a-e3-1";;;"210";"4"
"smdn2-1b-e2-1";;;"210";"4"
"smdn2-4a-e3-4";;;"210";"4"
"smdn2-4a-e3-3";;;"210";"4"
"smdn2-4a-e3-2";;;"210";"4"
"sqw-1a-testsdev";;;"52";"4"
"smdn2-1b-e2-3";;;"210";"4"
"svnx-spoke-be-2";;;"115";"5"
"smdn2-1b-e2-4";;;"210";"4"
"svnx-spoke-be-1";;;"115";"5"
"fboul-spoke-mg";;;"3";"57"
"svnx-spoke-o5-me-1";;;"21";"2"
"svnx-spoke-o5-me-2";;;"21";"2"
"a8rxcaa003lc7301";;"1";"4";"7"
"lcbv-nagra-g";;;"2";"10"
"lcbv-nagra-d";;;"2";"10"
"fw-dcn2";;;"11";"4"
"fw-dcn1";;;"11";"10"
"slyo-savf12";;;"55";"8"
"slyo-savf14";;;"56";"7"
"sbron-man-2";;;"28";"3"
"fren-spoke-be";;;"3";"11"
"fwcbv-nagra-1";;;"5";"15"
"fwcbv-nagra-2";;;"5";"15"
"llyo-fed-prep-me";;;"5";"99"
"slyo-prep-mg-be-1";;;"22";"2"
"sbron-man-1";;;"52";"4"
"slyo-prep-mg-be-2";;;"22";"2"
"s9tv-3a01-5";;;"52";"4"
"s9tv-3a01-3";;;"52";"4"
"s9tv-3a01-4";;;"52";"5"
"s9tv-3a01-1";;;"52";"4"
"s9tv-3a01-2";;;"52";"5"
"slyo-arthius-save-be-2";;;"22";"2"
"slyo-arthius-save-be-1";;;"22";"2"
"slyo-9vod-nfs-be-1";;;"22";"2"
"llyo-fed-me-2";;;"24";"49"
"llyo-fed-me-1";;;"24";"79"
"sqo-6-1";;;"314";"7"
"hurons-2";;;"6";"10"
"slyo-h2-save-1";;;"21";"2"
"hurons-1";;;"6";"14"
"smdn1-02-1-1";;;"210";"6"
"smdn1-02-1-2";;;"210";"6"
"smdn1-02-1-3";;;"210";"6"
"smdn1-02-1-4";;;"210";"6"
"salpes-sav-e-2";;;"107";"7"
"rcbv-prodad1";"1";;"155";"830"
"salpes-sav-e-1";;;"107";"7"
"svnx-spoke-nb5-sw2";;;"21";"2"
"fwcbv-pixmvno1-1";;;"6";"8"
"fwcbv-pixmvno1-2";;;"6";"4"
"rlyo-fed-fe-g";;"1";"78";"13"
"fwmdn-dmz";;;"9";"38"
"rlyo-fed-fe-d";;"1";"78";"13"
"sabv-spoke-e7-me-1";;;"22";"2"
"slyo-prep-ag1-me-1";;;"21";"2"
"smdn2-4b-e4-1";;;"210";"6"
"smdn2-4b-e4-2";;;"210";"6"
"smdn2-4b-e4-3";;;"210";"6"
"smdn2-4b-e4-4";;;"210";"6"
"sabv-spoke-e7-me-2";;;"21";"3"
"lalpes-bur-ad3";;;"13";"1"
"slyo-prep-e2-nfs-fe";;;"22";"3"
"rcbv-spoke-1";;"1";"8";"126"
"rcbv-spoke-2";;"1";"8";"115"
"slyo-admin-mg-1";;;"22";"2"
"fbdx-spoke-be";;;"3";"15"
"marse1-cr-sw22";;;"55";"3"
"marse1-cr-sw23";;;"54";"3"
"rcbv-accord";;;"1";"3"
"fabv-spoke-be";;;"4";"75"
"marse1-cr-sw24";;;"53";"3"
"slyo-c4-prep-me-1";;;"22";"2"
"scbv-spoke-t17-be-2";;;"21";"2"
"marse1-cr-ssw2";;;"31";"8"
"scbv-spoke-t17-be-1";;;"21";"2"
"marse1-cr-ssw1";;;"31";"11"
"scbv-spoke-t17-mg-be-1";;;"21";"2"
"scbv-gg0-1";;;"52";"7"
"scbv-spoke-t17-mg-be-2";;;"21";"2"
"fcbv-core-2";"1";;"6";"17"
"fcbv-spoke-be";;;"5";"98"
"rcbv-sigma";;;"1";"4"
"flyo-spoke-be";;;"4";"114"
"salpes-prod-e-2";;;"158";"4"
"salpes-prod-e-1";;;"158";"4"
"sbdx-spoke-mg";;;"106";"6"
"scbv-fg0-1";;;"52";"7"
"salpes-bur-4-ed3-2";;;"28";"4"
"salpes-bur-4-ed3-1";;;"28";"4"
"a8rxldf001lc2601";;"1";"6";"18"
"slyo-prep-ag2-save-1";;;"21";"2"
"a8rxldf001lc2602";;"1";"5";"11"
"llyo-fed-prep-fe";;;"20";"30"
"lalpes-bur-ag3";;;"13";"48"
"scbv-editeurbg";;;"28";"4"
"slyo-spoke-k0-me-2";;;"22";"2"
"slyo-spoke-k0-me-1";;;"22";"2"
"flbm-ctxt-admin";;;;
"scbv-editeurbd";;;"28";"4"
"slyo-spoke-k3-mg-2";;;"27";"3"
"slyo-spoke-k3-mg-1";;;"27";"3"
"slyo-fed-fe-nfs-3-2";;;"115";"3"
"smdn1-03-1-3";;;"262";"6"
"smdn1-03-1-2";;;"262";"6"
"svnx-spoke-n5-mg-2";;;"21";"6"
"smdn1-03-1-5";;;"262";"6"
"slyo-fed-fe-nfs-3-1";;;"115";"3"
"smdn1-03-1-4";;;"262";"6"
"smdn1-03-1-1";;;"262";"6"
"svnx-spoke-n5-mg-1";;;"21";"4"
"rcbv-prodag1";"1";;"154";"825"
"fwcbv-presta1";;;"11";"30"
"fwcbv-presta2";;;"11";"21"
"rcbv-vtechg0";;;"111";"420"
"slyo-prep-e2-fe";;;"22";"2"
"slyo-prep-e3-mg-be";;;"22";"2"
"slyo-arthius-be-2";;;"22";"2"
"slyo-arthius-be-1";;;"22";"2"
"lpub-fe-e1";;;"2";"10"
"lpub-fe-e2";;;"2";"12"
"svlz-stc1";;;"53";"4"
"swqo-lab";;;"52";"4"
"ldmz-fe-e2";;;"16";"61"
"ldmz-fe-e1";;;"16";"21"
"s9tv-bk-d2";;;"52";"3"
"s9tv-bk-d1";;;"52";"3"
"fren-spoke-1";;;"1";"5"
"fren-spoke-2";;;;
"scbv-cd0-2vmw";;;"54";"7"
"fbdx-spoke-mg";;;"3";"44"
"fvnx-spoke-2";;;;
"sbron-exp-1";;;"52";"4"
"fvnx-spoke-1";;;"1";"7"
"llyo-fed-prep-be";;;"18";"27"
"rcorbas";;;"108";"32"
"slyo-omcadm2";;;"54";"9"
"slyo-omcadm1";;;"57";"16"
"sdmz-be-nfs";;;"54";"3"
"flyo-fed-mg-rx";;;"28";"218"
"scbv-savfd0-1";;;"52";"5"
"ffed-fe-d-1";;;"11";"41"
"salpes-sav-g-1";;;"107";"7"
"salpes-sav-g-2";;;"107";"7"
"svnx-spoke-mg-2";;;"114";"7"
"flbm-ctxt-pix";;;"12";"1"
"fbdx-spoke-1";;;"1";"6"
"scbv-savop-1";;;"54";"5"
"scbv-savop-2";;;"54";"5"
"fbdx-spoke-2";;;;
"sabv-pfd1-i1";;;"54";"3"
"sdmz-fe-e";;;"106";"3"
"sqo-4-1";;;"314";"8"
"sfed-mg-g";;;"57";"4"
"sbron-trb";;;"54";"5"
"sfed-mg-d";;;"57";"4"
"slyo-h1-mg-fe-1";;;"21";"2"
"sfed-sync-d";;;"27";"2"
"slyo-prep-e3-nfs-be";;;"22";"2"
"smdn1-rc-dev";;;"26";"3"
"svnx-spoke-mg-1";;;"114";"7"
"snic-bur";;;"27";"2"
"scbv-savag1-1";;;"52";"5"
"sdmz-bk-e1";;;"52";"3"
"fpar-spoke-2";;;;
"salpes-bur-1-ed2-2";;;"28";"4"
"fpar-spoke-1";;;"1";"4"
"salpes-bur-1-ed2-1";;;"28";"4"
"sdmz-bk-e2";;;"52";"3"
"sabv-pfd2-i1";;;"54";"4"
"scbv-savbg0-1";;;"52";"5"
"fwmdn-wifi";;;"10";"4"
"scbv-savcg0-1";;;"52";"5"
"slyo-c4-prep-mg-fe-1";;;"22";"2"
"slyo-fed-mg-rx-1";;;"110";"10"
"fcbv-core-1";"1";;"6";"17"
"slbm-prod-y85-1";;;"55";"33"
"sabv-spoke-nb5-sw2";;;"21";"2"
"s9tv-fe";;;"107";"3"
"sabv-spoke-nb5-sw4";;;"22";"2"
"slyo-fed-mg-rx-6";;;"107";"4"
"slyo-fed-mg-rx-5";;;"107";"4"
"slyo-fed-mg-rx-2";;;"110";"10"
"slyo-spoke-k0-mg-2";;;"22";"2"
"sabv-spoke-mg-1";;;"109";"26"
"sabv-spoke-mg-2";;;"109";"26"
"slyo-spoke-k0-mg-1";;;"22";"2"
"sabv-spoke-mg-3";;;"57";"3"
"sabv-spoke-mg-4";;;"57";"3"
"rlyo-prodd";"1";;"115";"101"
"scbv-spoke-mg-2";;;"173";"11"
"rlyo-prodg";"1";;"115";"37"
"scbv-spoke-mg-1";;;"173";"11"
"slyo-fed-fe-nfs-1";;;"126";"2"
"slyo-i4-nfs-be-1";;;"21";"3"
"scbv-fd0-1";;;"52";"7"
"slyo-fed-fe-nfs-5";;;"108";"3"
"rfed-bk-d";;;"16";"2"
"slyo-fed-fe-nfs-2";;;"126";"2"
"slyo-h2-mg-be-1";;;"21";"2"
"rfed-bk-g";;;"15";"6"
"scbv-sup-sav";;;"54";"5"
"slyo-fed-fe-nfs-6";;;"108";"3"
"slyo-arthius-mg-fe-1";;;"22";"2"
"slyo-arthius-mg-fe-2";;;"22";"2"
"sbou2-pfd1-i1";;;"54";"5"
"sbron-nagra";;;"26";"3"
"slyo-admin-nfs-fe-1";;;"22";"2"
"slyo-omcsav2";;;"54";"7"
"slyo-9vod-nfs-fe-1";;;"22";"2"
"slyo-omcsav1";;;"54";"10"
"fsbg-spoke-be";;;"3";"15"
"slyo-admin-fe-1";;;"22";"2"
"flyo-fed-be-1";;;"23";"23"
"flyo-fed-be-2";;;"23";"13"
"scbv-cd0-1";;;"52";"6"
"sbron-dsi-2";;;"158";"10"
"sbron-dsi-3";;;"158";"10"
"srei-bur";;;"13";"2"
"sbron-dsi-1";;;"158";"10"
"slyo-fed-mg-3-1";;;"120";"4"
"rlyo-bur";;;"2";"13"
"slyo-fed-mg-3-2";;;"120";"4"
"slyo-i1-fe-1";;;"22";"2"
"fw-ire1";;;"8";"10"
"fw-ire2";;;"8";"5"
"sbron-witbe";;;"26";"4"
"rrei-bur";;;"2";"11"
"slyo-prep-save-1";;;"22";"2"
"flyo-vtech";"1";;"5";"12"
"slyo-prep-save-2";;;"22";"2"
"sbdx-spoke-be";;;"106";"6"
