"","ospf","bgp","hsrp"
"(ConfigDevice) AH2-RAPP-00S401-01C6509--PRA","","","16"
"(ConfigDevice) AH2-RAPP-00S401-01C6509-PRA","","","16"
"(ConfigDevice) AH2-RAPP-00S401-01C6509","","","16"
"(ConfigDevice) AH2-RAPP-00S401-02C6509--PRA","","","115"
"(ConfigDevice) AH2-RAPP-00S401-02C6509","","","117"
"(ConfigDevice) AH3-RAPP-00S401-01C6509","","","16"
"(ConfigDevice) AH3-RAPP-00S401-02C6509","","","117"
"(ConfigDevice) RC-ACHERES","1","",""
"(ConfigDevice) RC-AH0-00T1","1","",""
"(ConfigDevice) RC-AH1-00T208-40","2","1","3"
"(ConfigDevice) RC-AH1-00T208-60","1","1","13"
"(ConfigDevice) RC-AH1-00T208-61","1","1","13"
"(ConfigDevice) RC-AH1-00T208-80","1","","9"
"(ConfigDevice) RC-AH1-00T208-81","1","","9"
"(ConfigDevice) RC-AH2-00T1","","",""
"(ConfigDevice) RC-AH2-DMZ-LTC1107-01","","","2"
"(ConfigDevice) RC-AH2-RAPP-00TWAN-CI7204","","1","6"
"(ConfigDevice) RC-AH3-00T1","","",""
"(ConfigDevice) RC-AH3-00T208-41","2","1","3"
"(ConfigDevice) RC-AH3-DMZ-LTC1107-02","","","3"
"(ConfigDevice) RC-AH3-RAPP-00TWAN-CI7204","","1","6"
"(ConfigDevice) RC-ARRAS-MSC","1","","4"
"(ConfigDevice) RC-AUBAGNE-MSC","1","","2"
"(ConfigDevice) RC-BEZONS1","1","","2"
"(ConfigDevice) RC-BEZONS2-1","1","","5"
"(ConfigDevice) RC-BEZONS2-2","1","",""
"(ConfigDevice) RC-BEZONS3","1","","5"
"(ConfigDevice) RC-BOBIGNY","1","","2"
"(ConfigDevice) RC-BORDEAUX-MSC","1","","2"
"(ConfigDevice) RC-BRON1","1","",""
"(ConfigDevice) RC-BRON2","1","","1"
"(ConfigDevice) RC-BRON3","1","","5"
"(ConfigDevice) RC-BRON4","1","","4"
"(ConfigDevice) RC-CHAMPIGNY-MSC","1","","2"
"(ConfigDevice) RC-CHAMPLAN1","1","",""
"(ConfigDevice) RC-CHAMPLAN2-1","1","","1"
"(ConfigDevice) RC-CHAMPLAN2-2","1","",""
"(ConfigDevice) RC-CHARPENNE1","1","","2"
"(ConfigDevice) RC-CHOISY","1","",""
"(ConfigDevice) RC-COURBEVOIE15","1","",""
"(ConfigDevice) RC-COURBEVOIE16","1","",""
"(ConfigDevice) RC-DEFENSE1","3","","1"
"(ConfigDevice) RC-DEFENSE14","1","",""
"(ConfigDevice) RC-DEFENSE2","3","","2"
"(ConfigDevice) RC-DEFENSE3","5","","2"
"(ConfigDevice) RC-DEFENSE4","7","","3"
"(ConfigDevice) RC-DEFENSE6","1","",""
"(ConfigDevice) RC-DEFENSE7","2","",""
"(ConfigDevice) RC-DIJON-MSC-NEW","1","","2"
"(ConfigDevice) RC-DIJON-MSC","1","","2"
"(ConfigDevice) RC-GRENOBLE-MSC","1","","2"
"(ConfigDevice) RC-LA-FLECHE-MSC","1","","2"
"(ConfigDevice) RC-LA-SEYNE-MSC","1","","2"
"(ConfigDevice) RC-LAMPERTHEIM-MSC","1","","2"
"(ConfigDevice) RC-LBM-00P1C1-01","","",""
"(ConfigDevice) RC-LBM-00SA02-40","2","1","4"
"(ConfigDevice) RC-LBM-00SA02-70","","","9"
"(ConfigDevice) RC-LBM5","","",""
"(ConfigDevice) RC-LBM9","","","3"
"(ConfigDevice) RC-LEFOULLON1","1","","2"
"(ConfigDevice) RC-LEFOULLON2","1","","2"
"(ConfigDevice) RC-LILLE-PILAT1","1","","4"
"(ConfigDevice) RC-LILLE-REP1","1","","7"
"(ConfigDevice) RC-LIMOGES-MSC","1","","2"
"(ConfigDevice) RC-LYON-CORBAS","1","",""
"(ConfigDevice) RC-METZ1","1","","1"
"(ConfigDevice) RC-MITRY-MORY1-1","1","","3"
"(ConfigDevice) RC-MITRY-MORY2-1","1","","3"
"(ConfigDevice) RC-MONTPELLIER-MSC","1","","2"
"(ConfigDevice) RC-NEUILLY","1","",""
"(ConfigDevice) RC-NICE-MSC","1","","2"
"(ConfigDevice) RC-PRO-00TI-40","3","",""
"(ConfigDevice) RC-PROLOGUE1","2","",""
"(ConfigDevice) RC-PSE","1","",""
"(ConfigDevice) RC-PUGET1","1","",""
"(ConfigDevice) RC-RCALAIS1","1","",""
"(ConfigDevice) RC-RDEF-LTC-S1-1B1-40","3","","3"
"(ConfigDevice) RC-RDEF-LTCS1-2B1-41","3","","3"
"(ConfigDevice) RC-RENNES-MSC","1","","2"
"(ConfigDevice) RC-RENNES-SS1","1","","3"
"(ConfigDevice) RC-RENNES-SS2","1","","6"
"(ConfigDevice) RC-RENNES-SS3","1","",""
"(ConfigDevice) RC-ROUEN-MSC","1","",""
"(ConfigDevice) RC-RSS00SI-B7-01","","",""
"(ConfigDevice) RC-SANNOIS","1","",""
"(ConfigDevice) RC-SEQ-R117-40","2","1",""
"(ConfigDevice) RC-SEQ-R117-60","1","1",""
"(ConfigDevice) RC-SEQ-R125-41","3","1",""
"(ConfigDevice) RC-SEQ-R125-60","1","1",""
"(ConfigDevice) RC-SEQ-R125-61","1","1",""
"(ConfigDevice) RC-SEQUOIA16","4","","2"
"(ConfigDevice) RC-SEQUOIA17","1","",""
"(ConfigDevice) RC-ST-ETIENNE-MSC","1","","2"
"(ConfigDevice) RC-TOULOUSE-MSC","1","","2"
"(ConfigDevice) RC-TOULOUSE1","1","","1"
"(ConfigDevice) RC-TOULOUSE2","1","","1"
"(ConfigDevice) RC-TRAPPES2","1","","9"
"(ConfigDevice) RC-VALENTON1","1","","4"
"(ConfigDevice) RC-VALENTON2","1","","4"
"(ConfigDevice) RC-VITROLLES-MSC","1","","2"
"(ConfigDevice) RSS-RAPI-00S0B-01C6509","","","9"
"(ConfigDevice) RSS-RAPI-00S0B-02C6509","","","8"
