"","a:169","a:0","a:192","a:29","a:36","a:33","a:78","a:0","a:0.0.0.101","a:101","a:30","a:192"
"RLYO-SAVD","1",,,,,,,,,,,
"RLYO-SAVG","1",,,,,,,,,,,
"RQW-CORED",,"1","1",,,,,,,,,
"RQW-COREG",,"1","1",,,,,,,,,
"RALPES-PROD-AG1",,"1",,"1",,,,,,,,
"RLYO-COREG",,"1",,,,,,,,,,
"RLYO-CORED",,"1",,,"1",,,,,,,
"RBRON-COREG",,,,,"1",,,,,,,
"RCBV-PRODAG1",,"1","1",,,,,,,,,
"RBDX-LAC-D",,"1",,,,"1",,,,,,
"RALPES-CORE",,"1",,"1","1",,,,,,,
"RBRON-CORED",,,,,"1",,,,,,,
"RBDX-LAC-G",,"1",,,,"1",,,,,,
"NR0C0021",,"1",,,,,"1",,,,,
"RLYO-PRODD","1",,,,,,,,,,,
"RLYO-PRODG","1",,,,,,,,,,,
"NR0C0020",,"1",,,,,"1",,,,,
"ROB14-SAVE-COREAD",,"1",,,,,,,,,,
"RLYO-VTECHD",,,,,,,,"1",,,,
"RLYO-VTECHG",,,,,,,,"1",,,,
"ROB14-SAVE-COREAG",,"1",,,,,,,,,,
"MARSE1-CR-SR1",,"1",,,,,,,"1",,,
"MARSE1-CR-SR2",,"1",,,,,,,"1",,,
"RCBV-CORE",,"1",,"1",,,,,,,,
"MARSE1-CR-SR3",,,,,,,,,,"1",,
"RCBV-PRODAD1",,"1","1",,,,,,,,,
"RALPES-PROD-AD1",,"1",,"1",,,,,,,,
"RALPES-BUR-AD3",,"1",,,,,,,,,"1",
"RALPES-SAV",,,,"1",,,,,,,,
"RALPES-BUR-AG3",,"1",,,,,,,,,"1",
"RMDN2-2B-2",,"1",,,,,,,,,,"1"
"RMDN2-2B-1",,"1",,,,,,,,,,"1"
