"","a:0.0.30.0","a:0.0.0.0","a:10.78.0.0","a:0.0.20.1","a:0.0.20.5","a:0.0.60.0","a:0.0.20.2","a:0.0.0.7","a:0.0.0.1","a:0.0.0.2","a:0.0.0.3","a:0.0.2.0","a:0.0.20.3","a:10.79.0.0","a:0.0.0.0","a:0","a:10.68.0.0","a:0.0.0.0","a:0.0.0.0","a:0.0.3.4","a:10.25.0.0","a:0","a:1","a:10.18.0.0","a:0","a:0.0.20.4","a:0.0.20.6"
"(ConfigDevice) AH2-RAPP-00S401-01C6509--PRA",,,,,,,,,,,,,,,,,,,,,,,,,,,
"(ConfigDevice) AH2-RAPP-00S401-01C6509-PRA",,,,,,,,,,,,,,,,,,,,,,,,,,,
"(ConfigDevice) AH2-RAPP-00S401-01C6509",,,,,,,,,,,,,,,,,,,,,,,,,,,
"(ConfigDevice) AH2-RAPP-00S401-02C6509--PRA",,,,,,,,,,,,,,,,,,,,,,,,,,,
"(ConfigDevice) AH2-RAPP-00S401-02C6509",,,,,,,,,,,,,,,,,,,,,,,,,,,
"(ConfigDevice) AH3-RAPP-00S401-01C6509",,,,,,,,,,,,,,,,,,,,,,,,,,,
"(ConfigDevice) AH3-RAPP-00S401-02C6509",,,,,,,,,,,,,,,,,,,,,,,,,,,
"(ConfigDevice) RC-ACHERES","1",,,,,,,,,,,,,,,,,,,,,,,,,,
"(ConfigDevice) RC-AH0-00T1","1",,,,,,,,,,,,,,,,,,,,,,,,,,
"(ConfigDevice) RC-AH1-00T208-40",,"1","1",,,,,,,,,,,,,,,,,,,,,,,,
"(ConfigDevice) RC-AH1-00T208-60",,"1",,,,,,,,,,,,,,,,,,,,,,,,,
"(ConfigDevice) RC-AH1-00T208-61",,"1",,,,,,,,,,,,,,,,,,,,,,,,,
"(ConfigDevice) RC-AH1-00T208-80",,"1",,,,,,,,,,,,,,,,,,,,,,,,,
"(ConfigDevice) RC-AH1-00T208-81",,"1",,,,,,,,,,,,,,,,,,,,,,,,,
"(ConfigDevice) RC-AH2-00T1",,,,,,,,,,,,,,,,,,,,,,,,,,,
"(ConfigDevice) RC-AH2-DMZ-LTC1107-01",,,,,,,,,,,,,,,,,,,,,,,,,,,
"(ConfigDevice) RC-AH2-RAPP-00TWAN-CI7204",,,,,,,,,,,,,,,,,,,,,,,,,,,
"(ConfigDevice) RC-AH3-00T1",,,,,,,,,,,,,,,,,,,,,,,,,,,
"(ConfigDevice) RC-AH3-00T208-41",,"1","1",,,,,,,,,,,,,,,,,,,,,,,,
"(ConfigDevice) RC-AH3-DMZ-LTC1107-02",,,,,,,,,,,,,,,,,,,,,,,,,,,
"(ConfigDevice) RC-AH3-RAPP-00TWAN-CI7204",,,,,,,,,,,,,,,,,,,,,,,,,,,
"(ConfigDevice) RC-ARRAS-MSC",,"1",,,,,,,,,,,,,,,,,,,,,,,,,
"(ConfigDevice) RC-AUBAGNE-MSC",,"1",,,,,,,,,,,,,,,,,,,,,,,,,
"(ConfigDevice) RC-BEZONS1",,,,"1",,,,,,,,,,,,,,,,,,,,,,,
"(ConfigDevice) RC-BEZONS2-1",,,,"1",,,,,,,,,,,,,,,,,,,,,,,
"(ConfigDevice) RC-BEZONS2-2",,,,"1",,,,,,,,,,,,,,,,,,,,,,,
"(ConfigDevice) RC-BEZONS3",,,,"1",,,,,,,,,,,,,,,,,,,,,,,
"(ConfigDevice) RC-BOBIGNY",,"1",,,,,,,,,,,,,,,,,,,,,,,,,
"(ConfigDevice) RC-BORDEAUX-MSC",,"1",,,,,,,,,,,,,,,,,,,,,,,,,
"(ConfigDevice) RC-BRON1",,"1",,,,,,,,,,,,,,,,,,,,,,,,,
"(ConfigDevice) RC-BRON2",,"1",,,,,,,,,,,,,,,,,,,,,,,,,
"(ConfigDevice) RC-BRON3",,"1",,,,,,,,,,,,,,,,,,,,,,,,,
"(ConfigDevice) RC-BRON4",,"1",,,,,,,,,,,,,,,,,,,,,,,,,
"(ConfigDevice) RC-CHAMPIGNY-MSC",,"1",,,,,,,,,,,,,,,,,,,,,,,,,
"(ConfigDevice) RC-CHAMPLAN1",,"1",,,,,,,,,,,,,,,,,,,,,,,,,
"(ConfigDevice) RC-CHAMPLAN2-1",,,,,"1",,,,,,,,,,,,,,,,,,,,,,
"(ConfigDevice) RC-CHAMPLAN2-2",,,,,"1",,,,,,,,,,,,,,,,,,,,,,
"(ConfigDevice) RC-CHARPENNE1",,"1",,,,,,,,,,,,,,,,,,,,,,,,,
"(ConfigDevice) RC-CHOISY","1",,,,,,,,,,,,,,,,,,,,,,,,,,
"(ConfigDevice) RC-COURBEVOIE15",,"1",,,,,,,,,,,,,,,,,,,,,,,,,
"(ConfigDevice) RC-COURBEVOIE16",,"1",,,,,,,,,,,,,,,,,,,,,,,,,
"(ConfigDevice) RC-DEFENSE1",,"1",,"1",,"1",,,,,,,,,,,,,,,,,,,,,
"(ConfigDevice) RC-DEFENSE14",,"1",,,,,,,,,,,,,,,,,,,,,,,,,
"(ConfigDevice) RC-DEFENSE2",,"1",,,,,"1","1",,,,,,,,,,,,,,,,,,,
"(ConfigDevice) RC-DEFENSE3",,"1",,,,,,,"1","1","1","1",,,,,,,,,,,,,,,
"(ConfigDevice) RC-DEFENSE4",,"1",,"1",,,"1",,"1","1","1",,"1",,,,,,,,,,,,,,
"(ConfigDevice) RC-DEFENSE6",,"1",,,,,,,,,,,,,,,,,,,,,,,,,
"(ConfigDevice) RC-DEFENSE7","1","1",,,,,,,,,,,,,,,,,,,,,,,,,
"(ConfigDevice) RC-DIJON-MSC-NEW",,"1",,,,,,,,,,,,,,,,,,,,,,,,,
"(ConfigDevice) RC-DIJON-MSC",,"1",,,,,,,,,,,,,,,,,,,,,,,,,
"(ConfigDevice) RC-GRENOBLE-MSC",,"1",,,,,,,,,,,,,,,,,,,,,,,,,
"(ConfigDevice) RC-LA-FLECHE-MSC",,"1",,,,,,,,,,,,,,,,,,,,,,,,,
"(ConfigDevice) RC-LA-SEYNE-MSC",,"1",,,,,,,,,,,,,,,,,,,,,,,,,
"(ConfigDevice) RC-LAMPERTHEIM-MSC",,"1",,,,,,,,,,,,,,,,,,,,,,,,,
"(ConfigDevice) RC-LBM-00P1C1-01",,,,,,,,,,,,,,,,,,,,,,,,,,,
"(ConfigDevice) RC-LBM-00SA02-40",,,,,,,,,,,,,,"1","1",,,,,,,,,,,,
"(ConfigDevice) RC-LBM-00SA02-70",,,,,,,,,,,,,,,,,,,,,,,,,,,
"(ConfigDevice) RC-LBM5",,,,,,,,,,,,,,,,,,,,,,,,,,,
"(ConfigDevice) RC-LBM9",,,,,,,,,,,,,,,,,,,,,,,,,,,
"(ConfigDevice) RC-LEFOULLON1",,,,,,,,,,,,,"1",,,,,,,,,,,,,,
"(ConfigDevice) RC-LEFOULLON2",,,,,,,,,,,,,"1",,,,,,,,,,,,,,
"(ConfigDevice) RC-LILLE-PILAT1",,"1",,,,,,,,,,,,,,,,,,,,,,,,,
"(ConfigDevice) RC-LILLE-REP1",,"1",,,,,,,,,,,,,,,,,,,,,,,,,
"(ConfigDevice) RC-LIMOGES-MSC",,"1",,,,,,,,,,,,,,,,,,,,,,,,,
"(ConfigDevice) RC-LYON-CORBAS",,"1",,,,,,,,,,,,,,,,,,,,,,,,,
"(ConfigDevice) RC-METZ1",,"1",,,,,,,,,,,,,,,,,,,,,,,,,
"(ConfigDevice) RC-MITRY-MORY1-1",,"1",,,,,,,,,,,,,,,,,,,,,,,,,
"(ConfigDevice) RC-MITRY-MORY2-1",,"1",,,,,,,,,,,,,,,,,,,,,,,,,
"(ConfigDevice) RC-MONTPELLIER-MSC",,"1",,,,,,,,,,,,,,,,,,,,,,,,,
"(ConfigDevice) RC-NEUILLY","1",,,,,,,,,,,,,,,,,,,,,,,,,,
"(ConfigDevice) RC-NICE-MSC",,"1",,,,,,,,,,,,,,,,,,,,,,,,,
"(ConfigDevice) RC-PRO-00TI-40",,,,,,,,,,,,,,,,"1","1","1",,,,,,,,,
"(ConfigDevice) RC-PROLOGUE1",,,,,,,,,,,,,,,,,,,"1","1",,,,,,,
"(ConfigDevice) RC-PSE","1",,,,,,,,,,,,,,,,,,,,,,,,,,
"(ConfigDevice) RC-PUGET1","1",,,,,,,,,,,,,,,,,,,,,,,,,,
"(ConfigDevice) RC-RCALAIS1","1",,,,,,,,,,,,,,,,,,,,,,,,,,
"(ConfigDevice) RC-RDEF-LTC-S1-1B1-40",,"1",,,,,,,,,,,,,,,,,,,"1","1",,,,,
"(ConfigDevice) RC-RDEF-LTCS1-2B1-41",,"1",,,,,,,,,,,,,,,,,,,"1","1",,,,,
"(ConfigDevice) RC-RENNES-MSC",,"1",,,,,,,,,,,,,,,,,,,,,,,,,
"(ConfigDevice) RC-RENNES-SS1",,"1",,,,,,,,,,,,,,,,,,,,,,,,,
"(ConfigDevice) RC-RENNES-SS2",,"1",,,,,,,,,,,,,,,,,,,,,,,,,
"(ConfigDevice) RC-RENNES-SS3",,,,,,,,,,,,,,,,,,,,,,,"1",,,,
"(ConfigDevice) RC-ROUEN-MSC",,"1",,,,,,,,,,,,,,,,,,,,,,,,,
"(ConfigDevice) RC-RSS00SI-B7-01",,,,,,,,,,,,,,,,,,,,,,,,,,,
"(ConfigDevice) RC-SANNOIS","1",,,,,,,,,,,,,,,,,,,,,,,,,,
"(ConfigDevice) RC-SEQ-R117-40",,"1",,,,,,,,,,,,,,,,,,,,,,"1",,,
"(ConfigDevice) RC-SEQ-R117-60",,"1",,,,,,,,,,,,,,,,,,,,,,,,,
"(ConfigDevice) RC-SEQ-R125-41",,"1",,,,,,,,,,,,,,,,,,,,,,"1","1",,
"(ConfigDevice) RC-SEQ-R125-60",,"1",,,,,,,,,,,,,,,,,,,,,,,,,
"(ConfigDevice) RC-SEQ-R125-61",,"1",,,,,,,,,,,,,,,,,,,,,,,,,
"(ConfigDevice) RC-SEQUOIA16",,"1",,,"1",,,,,,,,,,,,,,,,,,,,,"1","1"
"(ConfigDevice) RC-SEQUOIA17",,,,,,,,,,,,,,,,,,,,,,,,"1",,,
"(ConfigDevice) RC-ST-ETIENNE-MSC",,"1",,,,,,,,,,,,,,,,,,,,,,,,,
"(ConfigDevice) RC-TOULOUSE-MSC",,"1",,,,,,,,,,,,,,,,,,,,,,,,,
"(ConfigDevice) RC-TOULOUSE1",,"1",,,,,,,,,,,,,,,,,,,,,,,,,
"(ConfigDevice) RC-TOULOUSE2",,"1",,,,,,,,,,,,,,,,,,,,,,,,,
"(ConfigDevice) RC-TRAPPES2",,"1",,,,,,,,,,,,,,,,,,,,,,,,,
"(ConfigDevice) RC-VALENTON1",,,,,,,"1",,,,,,,,,,,,,,,,,,,,
"(ConfigDevice) RC-VALENTON2",,,,,,,"1",,,,,,,,,,,,,,,,,,,,
"(ConfigDevice) RC-VITROLLES-MSC",,"1",,,,,,,,,,,,,,,,,,,,,,,,,
"(ConfigDevice) RSS-RAPI-00S0B-01C6509",,,,,,,,,,,,,,,,,,,,,,,,,,,
"(ConfigDevice) RSS-RAPI-00S0B-02C6509",,,,,,,,,,,,,,,,,,,,,,,,,,,
